{"cameraMode":{"drawMode":0,"name":"Shaded","section":"Shading Mode"},"sceneLighting":false,"audioPlay":false,"sceneViewState":{"m_AlwaysRefresh":false,"showFog":true,"showSkybox":false,"showFlares":true,"showImageEffects":true,"showParticleSystems":true,"showVisualEffectGraphs":true,"m_FxEnabled":true},"in2DMode":false,"pivot":{"x":1.822209119796753,"y":0.4653247892856598,"z":0.5385145545005798},"rotation":{"x":0.2352510392665863,"y":-0.34928518533706667,"z":0.09106015413999558,"w":0.9024443626403809},"size":1.8708287477493287,"orthographic":false}