{"cameraMode":{"drawMode":0,"name":"Shaded","section":"Shading Mode"},"sceneLighting":false,"audioPlay":false,"sceneViewState":{"m_AlwaysRefresh":false,"showFog":true,"showSkybox":false,"showFlares":true,"showImageEffects":true,"showParticleSystems":true,"showVisualEffectGraphs":true,"m_FxEnabled":true},"in2DMode":false,"pivot":{"x":0.7372863292694092,"y":0.6853238344192505,"z":1.2343958616256714},"rotation":{"x":0.09519784897565842,"y":-0.889798104763031,"z":0.21719279885292054,"w":0.3900238275527954},"size":1.7320507764816285,"orthographic":false}