{"cameraMode":{"drawMode":0,"name":"Shaded","section":"Shading Mode"},"sceneLighting":false,"audioPlay":false,"sceneViewState":{"m_AlwaysRefresh":false,"showFog":true,"showSkybox":false,"showFlares":true,"showImageEffects":true,"showParticleSystems":true,"showVisualEffectGraphs":true,"m_FxEnabled":true},"in2DMode":false,"pivot":{"x":1.1106094121932984,"y":0.6023279428482056,"z":0.3091595470905304},"rotation":{"x":0.20047971606254579,"y":-0.37625277042388918,"z":0.083758644759655,"w":0.9007320404052734},"size":1.7320507764816285,"orthographic":false}